<?xml version="1.0" encoding="utf-8" ?>
<dwsync>
<file name="001.jpg" server="C:/MAMP/htdocs/fhkarate_wp/" local="130926810600000000" remote="130926810600000000" Dst="1" />
<file name="11247969_10203955987492078_1717539238578994777_n.jpg" server="C:/MAMP/htdocs/fhkarate_wp/" local="130926810600000000" remote="130926810600000000" Dst="1" />
<file name="130-F.jpg" server="C:/MAMP/htdocs/fhkarate_wp/" local="130926810600000000" remote="130926810600000000" Dst="1" />
<file name="android-icon-144x144.png" server="C:/MAMP/htdocs/fhkarate_wp/" local="130926810600000000" remote="130926810600000000" Dst="1" />
<file name="android-icon-192x192.png" server="C:/MAMP/htdocs/fhkarate_wp/" local="130926810600000000" remote="130926810600000000" Dst="1" />
<file name="android-icon-36x36.png" server="C:/MAMP/htdocs/fhkarate_wp/" local="130926810600000000" remote="130926810600000000" Dst="1" />
<file name="android-icon-48x48.png" server="C:/MAMP/htdocs/fhkarate_wp/" local="130926810600000000" remote="130926810600000000" Dst="1" />
<file name="android-icon-72x72.png" server="C:/MAMP/htdocs/fhkarate_wp/" local="130926810600000000" remote="130926810600000000" Dst="1" />
<file name="android-icon-96x96.png" server="C:/MAMP/htdocs/fhkarate_wp/" local="130926810600000000" remote="130926810600000000" Dst="1" />
<file name="android-icon-96x96_progressive.png" server="C:/MAMP/htdocs/fhkarate_wp/" local="130926810600000000" remote="130926810600000000" Dst="1" />
<file name="Anfahrt1.jpg" server="C:/MAMP/htdocs/fhkarate_wp/" local="130926810600000000" remote="130926810600000000" Dst="1" />
<file name="apple-icon-114x114.png" server="C:/MAMP/htdocs/fhkarate_wp/" local="130926810600000000" remote="130926810600000000" Dst="1" />
<file name="apple-icon-120x120.png" server="C:/MAMP/htdocs/fhkarate_wp/" local="130926810600000000" remote="130926810600000000" Dst="1" />
<file name="apple-icon-144x144.png" server="C:/MAMP/htdocs/fhkarate_wp/" local="130926810600000000" remote="130926810600000000" Dst="1" />
<file name="apple-icon-152x152.png" server="C:/MAMP/htdocs/fhkarate_wp/" local="130926810600000000" remote="130926810600000000" Dst="1" />
<file name="apple-icon-180x180.png" server="C:/MAMP/htdocs/fhkarate_wp/" local="130926810600000000" remote="130926810600000000" Dst="1" />
<file name="apple-icon-57x57.png" server="C:/MAMP/htdocs/fhkarate_wp/" local="130926810600000000" remote="130926810600000000" Dst="1" />
<file name="apple-icon-60x60.png" server="C:/MAMP/htdocs/fhkarate_wp/" local="130926810600000000" remote="130926810600000000" Dst="1" />
<file name="apple-icon-72x72.png" server="C:/MAMP/htdocs/fhkarate_wp/" local="130926810600000000" remote="130926810600000000" Dst="1" />
<file name="apple-icon-76x76.png" server="C:/MAMP/htdocs/fhkarate_wp/" local="130926810600000000" remote="130926810600000000" Dst="1" />
<file name="apple-icon-precomposed.png" server="C:/MAMP/htdocs/fhkarate_wp/" local="130926810600000000" remote="130926810600000000" Dst="1" />
<file name="apple-icon.png" server="C:/MAMP/htdocs/fhkarate_wp/" local="130926810600000000" remote="130926810600000000" Dst="1" />
<file name="browserconfig.xml" server="C:/MAMP/htdocs/fhkarate_wp/" local="130926810600000000" remote="130926810600000000" Dst="1" />
<file name="c94c55e535.jpg" server="C:/MAMP/htdocs/fhkarate_wp/" local="130926810600000000" remote="130926810600000000" Dst="1" />
<file name="Dirk02_131x98.jpg" server="C:/MAMP/htdocs/fhkarate_wp/" local="130926810600000000" remote="130926810600000000" Dst="1" />
<file name="favicon-16x16.png" server="C:/MAMP/htdocs/fhkarate_wp/" local="130926810600000000" remote="130926810600000000" Dst="1" />
<file name="favicon-32x32.png" server="C:/MAMP/htdocs/fhkarate_wp/" local="130926810600000000" remote="130926810600000000" Dst="1" />
<file name="favicon-96x96.png" server="C:/MAMP/htdocs/fhkarate_wp/" local="130926810600000000" remote="130926810600000000" Dst="1" />
<file name="favicon.ico" server="C:/MAMP/htdocs/fhkarate_wp/" local="130926810600000000" remote="130926810600000000" Dst="1" />
<file name="FH-Karate-Logo-Final.eps" server="C:/MAMP/htdocs/fhkarate_wp/" local="130926810600000000" remote="130926810600000000" Dst="1" />
<file name="FH-Karate-Logo-Final.png" server="C:/MAMP/htdocs/fhkarate_wp/" local="130926810600000000" remote="130926810600000000" Dst="1" />
<file name="FH-Karate-Logo-Final.svg" server="C:/MAMP/htdocs/fhkarate_wp/" local="130926810600000000" remote="130926810600000000" Dst="1" />
<file name="FH-Karate-Logo-Final2.png" server="C:/MAMP/htdocs/fhkarate_wp/" local="130926810600000000" remote="130926810600000000" Dst="1" />
<file name="FH-Karate-Logo-Final3.png" server="C:/MAMP/htdocs/fhkarate_wp/" local="130926810600000000" remote="130926810600000000" Dst="1" />
<file name="FH-Karate-Logo-Final_006699.png" server="C:/MAMP/htdocs/fhkarate_wp/" local="130926810600000000" remote="130926810600000000" Dst="1" />
<file name="FH-Karate-Logo-Final_006699.svg" server="C:/MAMP/htdocs/fhkarate_wp/" local="130926810600000000" remote="130926810600000000" Dst="1" />
<file name="FH-Karate-Logo-Final_006699_300.png" server="C:/MAMP/htdocs/fhkarate_wp/" local="130926810600000000" remote="130926810600000000" Dst="1" />
<file name="FH-Karate-Logo-Final_006699_600.png" server="C:/MAMP/htdocs/fhkarate_wp/" local="130926810600000000" remote="130926810600000000" Dst="1" />
<file name="FH-Karate-Logo-Final_006699_75.png" server="C:/MAMP/htdocs/fhkarate_wp/" local="130926810600000000" remote="130926810600000000" Dst="1" />
<file name="fh-karate-logo-final_006699_75_neu.png" server="C:/MAMP/htdocs/fhkarate_wp/" local="130926810600000000" remote="130926810600000000" Dst="1" />
<file name="fh-karate-logo-final_006699_75_progressive.png" server="C:/MAMP/htdocs/fhkarate_wp/" local="130926810600000000" remote="130926810600000000" Dst="1" />
<file name="FH-Logo.jpg" server="C:/MAMP/htdocs/fhkarate_wp/" local="130926810600000000" remote="130926810600000000" Dst="1" />
<file name="Frankfurt_Römerberg_095+97v-fh.jpg" server="C:/MAMP/htdocs/fhkarate_wp/" local="130926810600000000" remote="130926810600000000" Dst="1" />
<file name="images.zip" server="C:/MAMP/htdocs/fhkarate_wp/" local="130926810600000000" remote="130926810600000000" Dst="1" />
<file name="Jan01_130x98.jpg" server="C:/MAMP/htdocs/fhkarate_wp/" local="130926810600000000" remote="130926810600000000" Dst="1" />
<file name="lageplan_643x809.jpg" server="C:/MAMP/htdocs/fhkarate_wp/" local="130926810600000000" remote="130926810600000000" Dst="1" />
<file name="lageplan_campus_fhffm.gif" server="C:/MAMP/htdocs/fhkarate_wp/" local="130926810600000000" remote="130926810600000000" Dst="1" />
<file name="logo.jpg" server="C:/MAMP/htdocs/fhkarate_wp/" local="130926810600000000" remote="130926810600000000" Dst="1" />
<file name="logo.png" server="C:/MAMP/htdocs/fhkarate_wp/" local="130926810600000000" remote="130926810600000000" Dst="1" />
<file name="manifest.json" server="C:/MAMP/htdocs/fhkarate_wp/" local="130926810600000000" remote="130926810600000000" Dst="1" />
<file name="ms-icon-144x144.png" server="C:/MAMP/htdocs/fhkarate_wp/" local="130926810600000000" remote="130926810600000000" Dst="1" />
<file name="ms-icon-150x150.png" server="C:/MAMP/htdocs/fhkarate_wp/" local="130926810600000000" remote="130926810600000000" Dst="1" />
<file name="ms-icon-150x150_progressive.png" server="C:/MAMP/htdocs/fhkarate_wp/" local="130926810600000000" remote="130926810600000000" Dst="1" />
<file name="ms-icon-310x310.png" server="C:/MAMP/htdocs/fhkarate_wp/" local="130926810600000000" remote="130926810600000000" Dst="1" />
<file name="ms-icon-70x70.png" server="C:/MAMP/htdocs/fhkarate_wp/" local="130926810600000000" remote="130926810600000000" Dst="1" />
<file name="Ralph1_130x98.jpg" server="C:/MAMP/htdocs/fhkarate_wp/" local="130926810600000000" remote="130926810600000000" Dst="1" />
<file name="Sarah00_131x98.jpg" server="C:/MAMP/htdocs/fhkarate_wp/" local="130926810600000000" remote="130926810600000000" Dst="1" />
<file name="startseite.jpg" server="C:/MAMP/htdocs/fhkarate_wp/" local="130926810600000000" remote="130926810600000000" Dst="1" />
<file name="startseite_progressive.jpg" server="C:/MAMP/htdocs/fhkarate_wp/" local="130926810600000000" remote="130926810600000000" Dst="1" />
<file name="Urkunde_a.jpg" server="C:/MAMP/htdocs/fhkarate_wp/" local="130926810600000000" remote="130926810600000000" Dst="1" />
<file name="Vakuumschule_fh_ffm_campus.png" server="C:/MAMP/htdocs/fhkarate_wp/" local="130926810600000000" remote="130926810600000000" Dst="1" />
<file name="1449161696_facebook-square-social-media.svg" server="C:/MAMP/htdocs/fhkarate_wp/" local="130936136970000000" remote="130936136970000000" Dst="1" />
<file name="1449161702_twitter-square-social-media.svg" server="C:/MAMP/htdocs/fhkarate_wp/" local="130936137020000000" remote="130936137020000000" Dst="1" />
<file name="1449161704_youtube-square-social-media.svg" server="C:/MAMP/htdocs/fhkarate_wp/" local="130936137050000000" remote="130936137050000000" Dst="1" />
<file name="1449161713_mail-square-social-media.svg" server="C:/MAMP/htdocs/fhkarate_wp/" local="130936137130000000" remote="130936137130000000" Dst="1" />
<file name="1449161715_wordpress-square-social-media.svg" server="C:/MAMP/htdocs/fhkarate_wp/" local="130936137150000000" remote="130936137150000000" Dst="1" />
<file name="1449161720_amazon-square-social-media.svg" server="C:/MAMP/htdocs/fhkarate_wp/" local="130936137200000000" remote="130936137200000000" Dst="1" />
<file name="1449161727_skype-square-social-media.svg" server="C:/MAMP/htdocs/fhkarate_wp/" local="130936137270000000" remote="130936137270000000" Dst="1" />
<file name="1449161728_rss-square-social-media.svg" server="C:/MAMP/htdocs/fhkarate_wp/" local="130936137290000000" remote="130936137290000000" Dst="1" />
<file name="1449161732_whatsapp-square-social-media.svg" server="C:/MAMP/htdocs/fhkarate_wp/" local="130936137320000000" remote="130936137320000000" Dst="1" />
<file name="1449161735_facebook-square-social-media.png" server="C:/MAMP/htdocs/fhkarate_wp/" local="130936137360000000" remote="130936137360000000" Dst="1" />
<file name="1449161741_twitter-square-social-media.png" server="C:/MAMP/htdocs/fhkarate_wp/" local="130936137410000000" remote="130936137410000000" Dst="1" />
<file name="1449161743_youtube-square-social-media.png" server="C:/MAMP/htdocs/fhkarate_wp/" local="130936137430000000" remote="130936137430000000" Dst="1" />
<file name="1449161745_mail-square-social-media.png" server="C:/MAMP/htdocs/fhkarate_wp/" local="130936137450000000" remote="130936137450000000" Dst="1" />
<file name="1449161747_wordpress-square-social-media.png" server="C:/MAMP/htdocs/fhkarate_wp/" local="130936137470000000" remote="130936137470000000" Dst="1" />
<file name="1449161750_skype-square-social-media.png" server="C:/MAMP/htdocs/fhkarate_wp/" local="130936137500000000" remote="130936137500000000" Dst="1" />
</dwsync>