<?xml version="1.0" encoding="utf-8" ?>
<dwsync>
<file name="index.html" server="koehler-welt.de" local="130926801000000000" remote="130926801000000000" Dst="1" />
<file name="index.php" server="koehler-welt.de" local="130928266371271738" remote="130928278800000000" Dst="1" />
<file name="style.css" server="koehler-welt.de" local="130927396880530136" remote="130928278800000000" Dst="1" />
<file name="footer.php" server="koehler-welt.de" local="130928262441158766" remote="130928278800000000" Dst="1" />
<file name="header.php" server="koehler-welt.de" local="130927405856217615" remote="130928278800000000" Dst="1" />
<file name="content.php" server="koehler-welt.de" local="130926801000000000" remote="130926801000000000" Dst="1" />
<file name="functions.php" server="koehler-welt.de" local="130926801000000000" remote="130926801000000000" Dst="1" />
<file name="index1.html" server="koehler-welt.de" local="130926801000000000" remote="130926801000000000" Dst="1" />
<file name="page.php" server="koehler-welt.de" local="130926801000000000" remote="130926801000000000" Dst="1" />
<file name="single.php" server="koehler-welt.de" local="130926801000000000" remote="130926801000000000" Dst="1" />
<file name="index.php" server="C:/MAMP/htdocs/fhkarate_wp" local="130928266371271738" remote="130928266370000000" Dst="1" />
<file name="header.php" server="C:/MAMP/htdocs/fhkarate_wp/" local="130933634574234252" remote="130933634570000000" Dst="1" />
<file name="index.php" server="C:/MAMP/htdocs/fhkarate_wp/" local="130930883881780417" remote="130930883880000000" Dst="1" />
<file name="footer.php" server="C:/MAMP/htdocs/fhkarate_wp/" local="130933440178086064" remote="130933440170000000" Dst="1" />
<file name="style.css" server="C:/MAMP/htdocs/fhkarate_wp/" local="130930885090391266" remote="130930885090000000" Dst="1" />
<file name="index.html" server="C:/MAMP/htdocs/fhkarate_wp/" local="130929324090000000" remote="130929324090000000" Dst="1" />
<file name="sidebar.php" server="C:/MAMP/htdocs/fhkarate_wp/" local="130929950594609998" remote="130929950590000000" Dst="1" />
<file name="functions.php" server="C:/MAMP/htdocs/fhkarate_wp/" local="130933634523679197" remote="130933634520000000" Dst="1" />
<file name="fhkarate_daten.html" server="C:/MAMP/htdocs/fhkarate_wp/" local="130929982300000000" remote="130929982300000000" Dst="1" />
<file name="fhkarate_sidebar.html" server="C:/MAMP/htdocs/fhkarate_wp/" local="130929983720000000" remote="130929983720000000" Dst="1" />
<file name="fhkarate_header.html" server="C:/MAMP/htdocs/fhkarate_wp/" local="130930063990000000" remote="130930063990000000" Dst="1" />
<file name="page-home.php" server="C:/MAMP/htdocs/fhkarate_wp/" local="130930163650000000" remote="130930163650000000" Dst="1" />
<file name="page-6.php" server="C:/MAMP/htdocs/fhkarate_wp/" local="130930883160000000" remote="130930883160000000" Dst="1" />
<file name="page-notitle.php" server="C:/MAMP/htdocs/fhkarate_wp/" local="130930882500000000" remote="130930882500000000" Dst="1" />
<file name="content.php" server="C:/MAMP/htdocs/fhkarate_wp/" local="130930910590255760" remote="130930910590000000" Dst="1" />
<file name="content-aside.php" server="C:/MAMP/htdocs/fhkarate_wp/" local="130930896140000000" remote="130930896140000000" Dst="1" />
<file name="content-image.php" server="C:/MAMP/htdocs/fhkarate_wp/" local="130930896630000000" remote="130930896630000000" Dst="1" />
<file name="404.php" server="C:/MAMP/htdocs/fhkarate_wp/" local="130930906220000000" remote="130930906220000000" Dst="1" />
<file name="archive-portfolio.php" server="C:/MAMP/htdocs/fhkarate_wp/" local="130930907000000000" remote="130930907000000000" Dst="1" />
<file name="archive.php" server="C:/MAMP/htdocs/fhkarate_wp/" local="130930907650000000" remote="130930907650000000" Dst="1" />
<file name="content-archive.php" server="C:/MAMP/htdocs/fhkarate_wp/" local="130930908220000000" remote="130930908220000000" Dst="1" />
<file name="content-blog.php" server="C:/MAMP/htdocs/fhkarate_wp/" local="130930909070000000" remote="130930909070000000" Dst="1" />
<file name="content-featured.php" server="C:/MAMP/htdocs/fhkarate_wp/" local="130930909590000000" remote="130930909590000000" Dst="1" />
<file name="content-search.php" server="C:/MAMP/htdocs/fhkarate_wp/" local="130930910260000000" remote="130930910260000000" Dst="1" />
<file name="page-portfolio-template.php" server="C:/MAMP/htdocs/fhkarate_wp/" local="130930923180000000" remote="130930923180000000" Dst="1" />
<file name="search.php" server="C:/MAMP/htdocs/fhkarate_wp/" local="130930925630000000" remote="130930925630000000" Dst="1" />
<file name="searchform.php" server="C:/MAMP/htdocs/fhkarate_wp/" local="130930926090000000" remote="130930926090000000" Dst="1" />
<file name="single-portfolio.php" server="C:/MAMP/htdocs/fhkarate_wp/" local="130930927020000000" remote="130930927020000000" Dst="1" />
<file name="wp_bootstrap_navwalker.php" server="C:/MAMP/htdocs/fhkarate_wp/" local="130933632320000000" remote="130933632320000000" Dst="1" />
<file name="prepros.cfg" server="C:/MAMP/htdocs/fhkarate_wp/" local="130936175650000000" remote="130936175650000000" Dst="1" />
</dwsync>